[{"model": "contenttypes.contenttype", "pk": 1, "fields": {"app_label": "admin", "model": "logentry"}}, {"model": "contenttypes.contenttype", "pk": 2, "fields": {"app_label": "auth", "model": "permission"}}, {"model": "contenttypes.contenttype", "pk": 3, "fields": {"app_label": "auth", "model": "group"}}, {"model": "contenttypes.contenttype", "pk": 4, "fields": {"app_label": "contenttypes", "model": "contenttype"}}, {"model": "contenttypes.contenttype", "pk": 5, "fields": {"app_label": "sessions", "model": "session"}}, {"model": "contenttypes.contenttype", "pk": 6, "fields": {"app_label": "sites", "model": "site"}}, {"model": "contenttypes.contenttype", "pk": 7, "fields": {"app_label": "account", "model": "emailaddress"}}, {"model": "contenttypes.contenttype", "pk": 8, "fields": {"app_label": "account", "model": "emailconfirmation"}}, {"model": "contenttypes.contenttype", "pk": 9, "fields": {"app_label": "socialaccount", "model": "socialaccount"}}, {"model": "contenttypes.contenttype", "pk": 10, "fields": {"app_label": "socialaccount", "model": "socialapp"}}, {"model": "contenttypes.contenttype", "pk": 11, "fields": {"app_label": "socialaccount", "model": "socialtoken"}}, {"model": "contenttypes.contenttype", "pk": 12, "fields": {"app_label": "WebAdminRadio", "model": "alternativa"}}, {"model": "contenttypes.contenttype", "pk": 13, "fields": {"app_label": "WebAdminRadio", "model": "auditoria"}}, {"model": "contenttypes.contenttype", "pk": 14, "fields": {"app_label": "WebAdminRadio", "model": "concursante"}}, {"model": "contenttypes.contenttype", "pk": 15, "fields": {"app_label": "WebAdminRadio", "model": "concurso"}}, {"model": "contenttypes.contenttype", "pk": 16, "fields": {"app_label": "WebAdminRadio", "model": "contacto"}}, {"model": "contenttypes.contenttype", "pk": 17, "fields": {"app_label": "WebAdminRadio", "model": "emisora"}}, {"model": "contenttypes.contenttype", "pk": 18, "fields": {"app_label": "WebAdminRadio", "model": "encuesta"}}, {"model": "contenttypes.contenttype", "pk": 19, "fields": {"app_label": "WebAdminRadio", "model": "favorito"}}, {"model": "contenttypes.contenttype", "pk": 20, "fields": {"app_label": "WebAdminRadio", "model": "frecuencia"}}, {"model": "contenttypes.contenttype", "pk": 21, "fields": {"app_label": "WebAdminRadio", "model": "frecuencia_publicidad"}}, {"model": "contenttypes.contenttype", "pk": 22, "fields": {"app_label": "WebAdminRadio", "model": "hilochat"}}, {"model": "contenttypes.contenttype", "pk": 23, "fields": {"app_label": "WebAdminRadio", "model": "horario"}}, {"model": "contenttypes.contenttype", "pk": 24, "fields": {"app_label": "WebAdminRadio", "model": "imagenes"}}, {"model": "contenttypes.contenttype", "pk": 25, "fields": {"app_label": "WebAdminRadio", "model": "mensajechat"}}, {"model": "contenttypes.contenttype", "pk": 26, "fields": {"app_label": "WebAdminRadio", "model": "pregunta"}}, {"model": "contenttypes.contenttype", "pk": 27, "fields": {"app_label": "WebAdminRadio", "model": "publicidad"}}, {"model": "contenttypes.contenttype", "pk": 28, "fields": {"app_label": "WebAdminRadio", "model": "redsocial_emisora"}}, {"model": "contenttypes.contenttype", "pk": 29, "fields": {"app_label": "WebAdminRadio", "model": "redsocial_usuario"}}, {"model": "contenttypes.contenttype", "pk": 30, "fields": {"app_label": "WebAdminRadio", "model": "respuesta"}}, {"model": "contenttypes.contenttype", "pk": 31, "fields": {"app_label": "WebAdminRadio", "model": "segmento"}}, {"model": "contenttypes.contenttype", "pk": 32, "fields": {"app_label": "WebAdminRadio", "model": "segmento_horario"}}, {"model": "contenttypes.contenttype", "pk": 33, "fields": {"app_label": "WebAdminRadio", "model": "segmento_publicidad"}}, {"model": "contenttypes.contenttype", "pk": 34, "fields": {"app_label": "WebAdminRadio", "model": "segmento_usuario"}}, {"model": "contenttypes.contenttype", "pk": 35, "fields": {"app_label": "WebAdminRadio", "model": "sugerencia"}}, {"model": "contenttypes.contenttype", "pk": 36, "fields": {"app_label": "WebAdminRadio", "model": "telefono_emisora"}}, {"model": "contenttypes.contenttype", "pk": 37, "fields": {"app_label": "WebAdminRadio", "model": "telefono_usuario"}}, {"model": "contenttypes.contenttype", "pk": 38, "fields": {"app_label": "WebAdminRadio", "model": "tipo_sugerencia"}}, {"model": "contenttypes.contenttype", "pk": 39, "fields": {"app_label": "WebAdminRadio", "model": "videos"}}, {"model": "contenttypes.contenttype", "pk": 40, "fields": {"app_label": "accounts", "model": "usuario"}}, {"model": "contenttypes.contenttype", "pk": 41, "fields": {"app_label": "accounts", "model": "prueba"}}, {"model": "contenttypes.contenttype", "pk": 42, "fields": {"app_label": "authtoken", "model": "token"}}, {"model": "sessions.session", "pk": "vd3hb14pc05k022sbhefrn4dom5h1hcs", "fields": {"session_data": "MTlmNDA2ZjY1OWFhOWNkZDZiODA3Y2NkYjBhOTA4MzcxMWVjZjYyMDp7Il9hdXRoX3VzZXJfaWQiOiIxIiwiX2F1dGhfdXNlcl9iYWNrZW5kIjoiZGphbmdvLmNvbnRyaWIuYXV0aC5iYWNrZW5kcy5Nb2RlbEJhY2tlbmQiLCJfYXV0aF91c2VyX2hhc2giOiI3MmJlZWVlYzhhMWI5Njc2NzdhMmIxYWJhNjQ5ZjFmMTEyZjRhMjFiIn0=", "expire_date": "2019-02-21T20:57:45.115Z"}}, {"model": "sites.site", "pk": 1, "fields": {"domain": "example.com", "name": "example.com"}}, {"model": "WebAdminRadio.emisora", "pk": 1, "fields": {"nombre": "Radio Canela", "slug": "radio-canela", "frecuencia_dial": "100.5", "url_streaming": "http://195.154.182.222:25482/live", "sitio_web": "https://www.radiocanela.com.ec", "direccion": "Av. Francisco de Orellana & Alberto Borges, Guayaquil 090512", "descripcion": "Radio Canela de Guayaquil", "ciudad": "Guayaquil", "provincia": "Guayas", "logotipo": "radio-canela/index_dxWy6j4.jpg", "activo": "A"}}, {"model": "WebAdminRadio.emisora", "pk": 2, "fields": {"nombre": "Radio Diblu", "slug": "radio-diblu", "frecuencia_dial": "90.5", "url_streaming": "http://195.154.182.222:25482/live", "sitio_web": "https://www.diblu.com.ec", "direccion": "Av. Francisco de Orellana & Alberto Borges, Guayaquil 090512", "descripcion": "Radio de deporte del Ecuador", "ciudad": "Guayaquil", "provincia": "Azuay", "logotipo": "radio-diblu/7e82c1290e8b5248a947afb8ac66fab2_61miTJN.jpg", "activo": "A"}}, {"model": "WebAdminRadio.segmento", "pk": 1, "fields": {"nombre": "El show de la vecina", "slug": "el-show-de-la-vecina", "slogan": "El mejor show familiar", "descripcion": "Show para toda la familia", "idEmisora": 1, "imagen": "radio-canela/el-show-de-la-vecina/lavecina_pA3PD29.jpg", "activo": "A"}}, {"model": "WebAdminRadio.segmento", "pk": 2, "fields": {"nombre": "El show de la michi", "slug": "el-show-de-la-michi", "slogan": "El show de la Michi", "descripcion": "El show de la miiiiichiiiiiiiiiiiiiiiiiiiiii", "idEmisora": 1, "imagen": "radio-canela/el-show-de-la-michi/20140927040000_a-la-michia-se-presenta-con-a-al-su.jpg", "activo": "A"}}, {"model": "WebAdminRadio.segmento", "pk": 3, "fields": {"nombre": "Deporte Total", "slug": "deporte-total", "slogan": "Show deportivo", "descripcion": "Deporte total, show deportivo", "idEmisora": 2, "imagen": "radio-diblu/deporte-total/hqdefault.jpg", "activo": "A"}}, {"model": "WebAdminRadio.encuesta", "pk": 1, "fields": {"titulo": "Encuesta sobre la vecina", "descripcion": "Encuesta sobre el show de la vecina", "fecha_inicio": "2019-02-07T21:38:02.719Z", "hora_fin": "15:00:00", "dia_fin": "2019-02-10", "activo": "A", "idEmisora": 1, "idSegmento": 1}}, {"model": "WebAdminRadio.encuesta", "pk": 2, "fields": {"titulo": "Encuesta para la michi", "descripcion": "Encuesta para la miiichi", "fecha_inicio": "2019-02-07T22:01:48.149Z", "hora_fin": "12:30:00", "dia_fin": "2019-02-21", "activo": "A", "idEmisora": 1, "idSegmento": 2}}, {"model": "WebAdminRadio.horario", "pk": 1, "fields": {"dia": "Mi\u00E9rcoles", "fecha_inicio": "12:24:00", "fecha_fin": "14:44:00", "activo": "A"}}, {"model": "WebAdminRadio.horario", "pk": 2, "fields": {"dia": "Lunes", "fecha_inicio": "12:22:00", "fecha_fin": "14:20:00", "activo": "A"}}, {"model": "WebAdminRadio.horario", "pk": 3, "fields": {"dia": "Mi\u00E9rcoles", "fecha_inicio": "14:44:00", "fecha_fin": "18:00:00", "activo": "A"}}, {"model": "WebAdminRadio.horario", "pk": 4, "fields": {"dia": "Lunes", "fecha_inicio": "12:30:00", "fecha_fin": "15:30:00", "activo": "A"}}, {"model": "WebAdminRadio.horario", "pk": 5, "fields": {"dia": "Martes", "fecha_inicio": "12:30:00", "fecha_fin": "15:30:00", "activo": "A"}}, {"model": "WebAdminRadio.horario", "pk": 6, "fields": {"dia": "Viernes", "fecha_inicio": "14:30:00", "fecha_fin": "17:30:00", "activo": "A"}}, {"model": "WebAdminRadio.pregunta", "pk": 3, "fields": {"contenido": "Si le gusto el show?", "respuesta_c": null, "idEncuesta": 1}}, {"model": "WebAdminRadio.pregunta", "pk": 4, "fields": {"contenido": "Volveria a ver el show?", "respuesta_c": null, "idEncuesta": 1}}, {"model": "WebAdminRadio.pregunta", "pk": 5, "fields": {"contenido": "La vecina le parece bulgar", "respuesta_c": null, "idEncuesta": 1}}, {"model": "WebAdminRadio.pregunta", "pk": 6, "fields": {"contenido": "La michi es la mejor", "respuesta_c": null, "idEncuesta": 2}}, {"model": "WebAdminRadio.alternativa", "pk": 6, "fields": {"contenido": "Si", "idPregunta": 3}}, {"model": "WebAdminRadio.alternativa", "pk": 7, "fields": {"contenido": "No", "idPregunta": 3}}, {"model": "WebAdminRadio.alternativa", "pk": 8, "fields": {"contenido": "Mas o menos", "idPregunta": 3}}, {"model": "WebAdminRadio.alternativa", "pk": 9, "fields": {"contenido": "Si", "idPregunta": 4}}, {"model": "WebAdminRadio.alternativa", "pk": 10, "fields": {"contenido": "No", "idPregunta": 4}}, {"model": "WebAdminRadio.alternativa", "pk": 11, "fields": {"contenido": "Creo que no", "idPregunta": 4}}, {"model": "WebAdminRadio.alternativa", "pk": 12, "fields": {"contenido": "Si", "idPregunta": 5}}, {"model": "WebAdminRadio.alternativa", "pk": 13, "fields": {"contenido": "No", "idPregunta": 5}}, {"model": "WebAdminRadio.alternativa", "pk": 14, "fields": {"contenido": "Si", "idPregunta": 6}}, {"model": "WebAdminRadio.alternativa", "pk": 15, "fields": {"contenido": "No", "idPregunta": 6}}, {"model": "WebAdminRadio.segmento_horario", "pk": 1, "fields": {"idSegmento": 1, "idHorario": 1}}, {"model": "WebAdminRadio.segmento_horario", "pk": 2, "fields": {"idSegmento": 2, "idHorario": 2}}, {"model": "WebAdminRadio.segmento_horario", "pk": 3, "fields": {"idSegmento": 2, "idHorario": 3}}, {"model": "WebAdminRadio.segmento_horario", "pk": 4, "fields": {"idSegmento": 3, "idHorario": 4}}, {"model": "WebAdminRadio.segmento_horario", "pk": 5, "fields": {"idSegmento": 3, "idHorario": 5}}, {"model": "WebAdminRadio.segmento_horario", "pk": 6, "fields": {"idSegmento": 3, "idHorario": 6}}, {"model": "WebAdminRadio.telefono_emisora", "pk": 1, "fields": {"idEmisora": 1, "nro_telefono": "122232"}}, {"model": "WebAdminRadio.telefono_emisora", "pk": 3, "fields": {"idEmisora": 2, "nro_telefono": "0123456789"}}, {"model": "WebAdminRadio.redsocial_emisora", "pk": 1, "fields": {"idEmisora": 1, "nombre": "Facebook", "link": "https://www.facebook.com"}}, {"model": "WebAdminRadio.redsocial_emisora", "pk": 3, "fields": {"idEmisora": 2, "nombre": "Facebook", "link": ""}}, {"model": "auth.permission", "pk": 1, "fields": {"name": "Can add log entry", "content_type": 1, "codename": "add_logentry"}}, {"model": "auth.permission", "pk": 2, "fields": {"name": "Can change log entry", "content_type": 1, "codename": "change_logentry"}}, {"model": "auth.permission", "pk": 3, "fields": {"name": "Can delete log entry", "content_type": 1, "codename": "delete_logentry"}}, {"model": "auth.permission", "pk": 4, "fields": {"name": "Can view log entry", "content_type": 1, "codename": "view_logentry"}}, {"model": "auth.permission", "pk": 5, "fields": {"name": "Can add permission", "content_type": 2, "codename": "add_permission"}}, {"model": "auth.permission", "pk": 6, "fields": {"name": "Can change permission", "content_type": 2, "codename": "change_permission"}}, {"model": "auth.permission", "pk": 7, "fields": {"name": "Can delete permission", "content_type": 2, "codename": "delete_permission"}}, {"model": "auth.permission", "pk": 8, "fields": {"name": "Can view permission", "content_type": 2, "codename": "view_permission"}}, {"model": "auth.permission", "pk": 9, "fields": {"name": "Can add group", "content_type": 3, "codename": "add_group"}}, {"model": "auth.permission", "pk": 10, "fields": {"name": "Can change group", "content_type": 3, "codename": "change_group"}}, {"model": "auth.permission", "pk": 11, "fields": {"name": "Can delete group", "content_type": 3, "codename": "delete_group"}}, {"model": "auth.permission", "pk": 12, "fields": {"name": "Can view group", "content_type": 3, "codename": "view_group"}}, {"model": "auth.permission", "pk": 13, "fields": {"name": "Can add content type", "content_type": 4, "codename": "add_contenttype"}}, {"model": "auth.permission", "pk": 14, "fields": {"name": "Can change content type", "content_type": 4, "codename": "change_contenttype"}}, {"model": "auth.permission", "pk": 15, "fields": {"name": "Can delete content type", "content_type": 4, "codename": "delete_contenttype"}}, {"model": "auth.permission", "pk": 16, "fields": {"name": "Can view content type", "content_type": 4, "codename": "view_contenttype"}}, {"model": "auth.permission", "pk": 17, "fields": {"name": "Can add session", "content_type": 5, "codename": "add_session"}}, {"model": "auth.permission", "pk": 18, "fields": {"name": "Can change session", "content_type": 5, "codename": "change_session"}}, {"model": "auth.permission", "pk": 19, "fields": {"name": "Can delete session", "content_type": 5, "codename": "delete_session"}}, {"model": "auth.permission", "pk": 20, "fields": {"name": "Can view session", "content_type": 5, "codename": "view_session"}}, {"model": "auth.permission", "pk": 21, "fields": {"name": "Can add site", "content_type": 6, "codename": "add_site"}}, {"model": "auth.permission", "pk": 22, "fields": {"name": "Can change site", "content_type": 6, "codename": "change_site"}}, {"model": "auth.permission", "pk": 23, "fields": {"name": "Can delete site", "content_type": 6, "codename": "delete_site"}}, {"model": "auth.permission", "pk": 24, "fields": {"name": "Can view site", "content_type": 6, "codename": "view_site"}}, {"model": "auth.permission", "pk": 25, "fields": {"name": "Can add email address", "content_type": 7, "codename": "add_emailaddress"}}, {"model": "auth.permission", "pk": 26, "fields": {"name": "Can change email address", "content_type": 7, "codename": "change_emailaddress"}}, {"model": "auth.permission", "pk": 27, "fields": {"name": "Can delete email address", "content_type": 7, "codename": "delete_emailaddress"}}, {"model": "auth.permission", "pk": 28, "fields": {"name": "Can view email address", "content_type": 7, "codename": "view_emailaddress"}}, {"model": "auth.permission", "pk": 29, "fields": {"name": "Can add email confirmation", "content_type": 8, "codename": "add_emailconfirmation"}}, {"model": "auth.permission", "pk": 30, "fields": {"name": "Can change email confirmation", "content_type": 8, "codename": "change_emailconfirmation"}}, {"model": "auth.permission", "pk": 31, "fields": {"name": "Can delete email confirmation", "content_type": 8, "codename": "delete_emailconfirmation"}}, {"model": "auth.permission", "pk": 32, "fields": {"name": "Can view email confirmation", "content_type": 8, "codename": "view_emailconfirmation"}}, {"model": "auth.permission", "pk": 33, "fields": {"name": "Can add social account", "content_type": 9, "codename": "add_socialaccount"}}, {"model": "auth.permission", "pk": 34, "fields": {"name": "Can change social account", "content_type": 9, "codename": "change_socialaccount"}}, {"model": "auth.permission", "pk": 35, "fields": {"name": "Can delete social account", "content_type": 9, "codename": "delete_socialaccount"}}, {"model": "auth.permission", "pk": 36, "fields": {"name": "Can view social account", "content_type": 9, "codename": "view_socialaccount"}}, {"model": "auth.permission", "pk": 37, "fields": {"name": "Can add social application", "content_type": 10, "codename": "add_socialapp"}}, {"model": "auth.permission", "pk": 38, "fields": {"name": "Can change social application", "content_type": 10, "codename": "change_socialapp"}}, {"model": "auth.permission", "pk": 39, "fields": {"name": "Can delete social application", "content_type": 10, "codename": "delete_socialapp"}}, {"model": "auth.permission", "pk": 40, "fields": {"name": "Can view social application", "content_type": 10, "codename": "view_socialapp"}}, {"model": "auth.permission", "pk": 41, "fields": {"name": "Can add social application token", "content_type": 11, "codename": "add_socialtoken"}}, {"model": "auth.permission", "pk": 42, "fields": {"name": "Can change social application token", "content_type": 11, "codename": "change_socialtoken"}}, {"model": "auth.permission", "pk": 43, "fields": {"name": "Can delete social application token", "content_type": 11, "codename": "delete_socialtoken"}}, {"model": "auth.permission", "pk": 44, "fields": {"name": "Can view social application token", "content_type": 11, "codename": "view_socialtoken"}}, {"model": "auth.permission", "pk": 45, "fields": {"name": "Can add alternativa", "content_type": 12, "codename": "add_alternativa"}}, {"model": "auth.permission", "pk": 46, "fields": {"name": "Can change alternativa", "content_type": 12, "codename": "change_alternativa"}}, {"model": "auth.permission", "pk": 47, "fields": {"name": "Can delete alternativa", "content_type": 12, "codename": "delete_alternativa"}}, {"model": "auth.permission", "pk": 48, "fields": {"name": "Can view alternativa", "content_type": 12, "codename": "view_alternativa"}}, {"model": "auth.permission", "pk": 49, "fields": {"name": "Can add auditoria", "content_type": 13, "codename": "add_auditoria"}}, {"model": "auth.permission", "pk": 50, "fields": {"name": "Can change auditoria", "content_type": 13, "codename": "change_auditoria"}}, {"model": "auth.permission", "pk": 51, "fields": {"name": "Can delete auditoria", "content_type": 13, "codename": "delete_auditoria"}}, {"model": "auth.permission", "pk": 52, "fields": {"name": "Can view auditoria", "content_type": 13, "codename": "view_auditoria"}}, {"model": "auth.permission", "pk": 53, "fields": {"name": "Can add concursante", "content_type": 14, "codename": "add_concursante"}}, {"model": "auth.permission", "pk": 54, "fields": {"name": "Can change concursante", "content_type": 14, "codename": "change_concursante"}}, {"model": "auth.permission", "pk": 55, "fields": {"name": "Can delete concursante", "content_type": 14, "codename": "delete_concursante"}}, {"model": "auth.permission", "pk": 56, "fields": {"name": "Can view concursante", "content_type": 14, "codename": "view_concursante"}}, {"model": "auth.permission", "pk": 57, "fields": {"name": "Can add concurso", "content_type": 15, "codename": "add_concurso"}}, {"model": "auth.permission", "pk": 58, "fields": {"name": "Can change concurso", "content_type": 15, "codename": "change_concurso"}}, {"model": "auth.permission", "pk": 59, "fields": {"name": "Can delete concurso", "content_type": 15, "codename": "delete_concurso"}}, {"model": "auth.permission", "pk": 60, "fields": {"name": "Can view concurso", "content_type": 15, "codename": "view_concurso"}}, {"model": "auth.permission", "pk": 61, "fields": {"name": "Can add contacto", "content_type": 16, "codename": "add_contacto"}}, {"model": "auth.permission", "pk": 62, "fields": {"name": "Can change contacto", "content_type": 16, "codename": "change_contacto"}}, {"model": "auth.permission", "pk": 63, "fields": {"name": "Can delete contacto", "content_type": 16, "codename": "delete_contacto"}}, {"model": "auth.permission", "pk": 64, "fields": {"name": "Can view contacto", "content_type": 16, "codename": "view_contacto"}}, {"model": "auth.permission", "pk": 65, "fields": {"name": "Can add emisora", "content_type": 17, "codename": "add_emisora"}}, {"model": "auth.permission", "pk": 66, "fields": {"name": "Can change emisora", "content_type": 17, "codename": "change_emisora"}}, {"model": "auth.permission", "pk": 67, "fields": {"name": "Can delete emisora", "content_type": 17, "codename": "delete_emisora"}}, {"model": "auth.permission", "pk": 68, "fields": {"name": "Can view emisora", "content_type": 17, "codename": "view_emisora"}}, {"model": "auth.permission", "pk": 69, "fields": {"name": "Can add encuesta", "content_type": 18, "codename": "add_encuesta"}}, {"model": "auth.permission", "pk": 70, "fields": {"name": "Can change encuesta", "content_type": 18, "codename": "change_encuesta"}}, {"model": "auth.permission", "pk": 71, "fields": {"name": "Can delete encuesta", "content_type": 18, "codename": "delete_encuesta"}}, {"model": "auth.permission", "pk": 72, "fields": {"name": "Can view encuesta", "content_type": 18, "codename": "view_encuesta"}}, {"model": "auth.permission", "pk": 73, "fields": {"name": "Can add favorito", "content_type": 19, "codename": "add_favorito"}}, {"model": "auth.permission", "pk": 74, "fields": {"name": "Can change favorito", "content_type": 19, "codename": "change_favorito"}}, {"model": "auth.permission", "pk": 75, "fields": {"name": "Can delete favorito", "content_type": 19, "codename": "delete_favorito"}}, {"model": "auth.permission", "pk": 76, "fields": {"name": "Can view favorito", "content_type": 19, "codename": "view_favorito"}}, {"model": "auth.permission", "pk": 77, "fields": {"name": "Can add frecuencia", "content_type": 20, "codename": "add_frecuencia"}}, {"model": "auth.permission", "pk": 78, "fields": {"name": "Can change frecuencia", "content_type": 20, "codename": "change_frecuencia"}}, {"model": "auth.permission", "pk": 79, "fields": {"name": "Can delete frecuencia", "content_type": 20, "codename": "delete_frecuencia"}}, {"model": "auth.permission", "pk": 80, "fields": {"name": "Can view frecuencia", "content_type": 20, "codename": "view_frecuencia"}}, {"model": "auth.permission", "pk": 81, "fields": {"name": "Can add frecuencia_publicidad", "content_type": 21, "codename": "add_frecuencia_publicidad"}}, {"model": "auth.permission", "pk": 82, "fields": {"name": "Can change frecuencia_publicidad", "content_type": 21, "codename": "change_frecuencia_publicidad"}}, {"model": "auth.permission", "pk": 83, "fields": {"name": "Can delete frecuencia_publicidad", "content_type": 21, "codename": "delete_frecuencia_publicidad"}}, {"model": "auth.permission", "pk": 84, "fields": {"name": "Can view frecuencia_publicidad", "content_type": 21, "codename": "view_frecuencia_publicidad"}}, {"model": "auth.permission", "pk": 85, "fields": {"name": "Can add hilo chat", "content_type": 22, "codename": "add_hilochat"}}, {"model": "auth.permission", "pk": 86, "fields": {"name": "Can change hilo chat", "content_type": 22, "codename": "change_hilochat"}}, {"model": "auth.permission", "pk": 87, "fields": {"name": "Can delete hilo chat", "content_type": 22, "codename": "delete_hilochat"}}, {"model": "auth.permission", "pk": 88, "fields": {"name": "Can view hilo chat", "content_type": 22, "codename": "view_hilochat"}}, {"model": "auth.permission", "pk": 89, "fields": {"name": "Can add horario", "content_type": 23, "codename": "add_horario"}}, {"model": "auth.permission", "pk": 90, "fields": {"name": "Can change horario", "content_type": 23, "codename": "change_horario"}}, {"model": "auth.permission", "pk": 91, "fields": {"name": "Can delete horario", "content_type": 23, "codename": "delete_horario"}}, {"model": "auth.permission", "pk": 92, "fields": {"name": "Can view horario", "content_type": 23, "codename": "view_horario"}}, {"model": "auth.permission", "pk": 93, "fields": {"name": "Can add imagenes", "content_type": 24, "codename": "add_imagenes"}}, {"model": "auth.permission", "pk": 94, "fields": {"name": "Can change imagenes", "content_type": 24, "codename": "change_imagenes"}}, {"model": "auth.permission", "pk": 95, "fields": {"name": "Can delete imagenes", "content_type": 24, "codename": "delete_imagenes"}}, {"model": "auth.permission", "pk": 96, "fields": {"name": "Can view imagenes", "content_type": 24, "codename": "view_imagenes"}}, {"model": "auth.permission", "pk": 97, "fields": {"name": "Can add mensaje chat", "content_type": 25, "codename": "add_mensajechat"}}, {"model": "auth.permission", "pk": 98, "fields": {"name": "Can change mensaje chat", "content_type": 25, "codename": "change_mensajechat"}}, {"model": "auth.permission", "pk": 99, "fields": {"name": "Can delete mensaje chat", "content_type": 25, "codename": "delete_mensajechat"}}, {"model": "auth.permission", "pk": 100, "fields": {"name": "Can view mensaje chat", "content_type": 25, "codename": "view_mensajechat"}}, {"model": "auth.permission", "pk": 101, "fields": {"name": "Can add pregunta", "content_type": 26, "codename": "add_pregunta"}}, {"model": "auth.permission", "pk": 102, "fields": {"name": "Can change pregunta", "content_type": 26, "codename": "change_pregunta"}}, {"model": "auth.permission", "pk": 103, "fields": {"name": "Can delete pregunta", "content_type": 26, "codename": "delete_pregunta"}}, {"model": "auth.permission", "pk": 104, "fields": {"name": "Can view pregunta", "content_type": 26, "codename": "view_pregunta"}}, {"model": "auth.permission", "pk": 105, "fields": {"name": "Can add publicidad", "content_type": 27, "codename": "add_publicidad"}}, {"model": "auth.permission", "pk": 106, "fields": {"name": "Can change publicidad", "content_type": 27, "codename": "change_publicidad"}}, {"model": "auth.permission", "pk": 107, "fields": {"name": "Can delete publicidad", "content_type": 27, "codename": "delete_publicidad"}}, {"model": "auth.permission", "pk": 108, "fields": {"name": "Can view publicidad", "content_type": 27, "codename": "view_publicidad"}}, {"model": "auth.permission", "pk": 109, "fields": {"name": "Can add red social_emisora", "content_type": 28, "codename": "add_redsocial_emisora"}}, {"model": "auth.permission", "pk": 110, "fields": {"name": "Can change red social_emisora", "content_type": 28, "codename": "change_redsocial_emisora"}}, {"model": "auth.permission", "pk": 111, "fields": {"name": "Can delete red social_emisora", "content_type": 28, "codename": "delete_redsocial_emisora"}}, {"model": "auth.permission", "pk": 112, "fields": {"name": "Can view red social_emisora", "content_type": 28, "codename": "view_redsocial_emisora"}}, {"model": "auth.permission", "pk": 113, "fields": {"name": "Can add red social_usuario", "content_type": 29, "codename": "add_redsocial_usuario"}}, {"model": "auth.permission", "pk": 114, "fields": {"name": "Can change red social_usuario", "content_type": 29, "codename": "change_redsocial_usuario"}}, {"model": "auth.permission", "pk": 115, "fields": {"name": "Can delete red social_usuario", "content_type": 29, "codename": "delete_redsocial_usuario"}}, {"model": "auth.permission", "pk": 116, "fields": {"name": "Can view red social_usuario", "content_type": 29, "codename": "view_redsocial_usuario"}}, {"model": "auth.permission", "pk": 117, "fields": {"name": "Can add respuesta", "content_type": 30, "codename": "add_respuesta"}}, {"model": "auth.permission", "pk": 118, "fields": {"name": "Can change respuesta", "content_type": 30, "codename": "change_respuesta"}}, {"model": "auth.permission", "pk": 119, "fields": {"name": "Can delete respuesta", "content_type": 30, "codename": "delete_respuesta"}}, {"model": "auth.permission", "pk": 120, "fields": {"name": "Can view respuesta", "content_type": 30, "codename": "view_respuesta"}}, {"model": "auth.permission", "pk": 121, "fields": {"name": "Can add segmento", "content_type": 31, "codename": "add_segmento"}}, {"model": "auth.permission", "pk": 122, "fields": {"name": "Can change segmento", "content_type": 31, "codename": "change_segmento"}}, {"model": "auth.permission", "pk": 123, "fields": {"name": "Can delete segmento", "content_type": 31, "codename": "delete_segmento"}}, {"model": "auth.permission", "pk": 124, "fields": {"name": "Can view segmento", "content_type": 31, "codename": "view_segmento"}}, {"model": "auth.permission", "pk": 125, "fields": {"name": "Can add segmento_horario", "content_type": 32, "codename": "add_segmento_horario"}}, {"model": "auth.permission", "pk": 126, "fields": {"name": "Can change segmento_horario", "content_type": 32, "codename": "change_segmento_horario"}}, {"model": "auth.permission", "pk": 127, "fields": {"name": "Can delete segmento_horario", "content_type": 32, "codename": "delete_segmento_horario"}}, {"model": "auth.permission", "pk": 128, "fields": {"name": "Can view segmento_horario", "content_type": 32, "codename": "view_segmento_horario"}}, {"model": "auth.permission", "pk": 129, "fields": {"name": "Can add segmento_publicidad", "content_type": 33, "codename": "add_segmento_publicidad"}}, {"model": "auth.permission", "pk": 130, "fields": {"name": "Can change segmento_publicidad", "content_type": 33, "codename": "change_segmento_publicidad"}}, {"model": "auth.permission", "pk": 131, "fields": {"name": "Can delete segmento_publicidad", "content_type": 33, "codename": "delete_segmento_publicidad"}}, {"model": "auth.permission", "pk": 132, "fields": {"name": "Can view segmento_publicidad", "content_type": 33, "codename": "view_segmento_publicidad"}}, {"model": "auth.permission", "pk": 133, "fields": {"name": "Can add segmento_usuario", "content_type": 34, "codename": "add_segmento_usuario"}}, {"model": "auth.permission", "pk": 134, "fields": {"name": "Can change segmento_usuario", "content_type": 34, "codename": "change_segmento_usuario"}}, {"model": "auth.permission", "pk": 135, "fields": {"name": "Can delete segmento_usuario", "content_type": 34, "codename": "delete_segmento_usuario"}}, {"model": "auth.permission", "pk": 136, "fields": {"name": "Can view segmento_usuario", "content_type": 34, "codename": "view_segmento_usuario"}}, {"model": "auth.permission", "pk": 137, "fields": {"name": "Can add sugerencia", "content_type": 35, "codename": "add_sugerencia"}}, {"model": "auth.permission", "pk": 138, "fields": {"name": "Can change sugerencia", "content_type": 35, "codename": "change_sugerencia"}}, {"model": "auth.permission", "pk": 139, "fields": {"name": "Can delete sugerencia", "content_type": 35, "codename": "delete_sugerencia"}}, {"model": "auth.permission", "pk": 140, "fields": {"name": "Can view sugerencia", "content_type": 35, "codename": "view_sugerencia"}}, {"model": "auth.permission", "pk": 141, "fields": {"name": "Can add telefono_emisora", "content_type": 36, "codename": "add_telefono_emisora"}}, {"model": "auth.permission", "pk": 142, "fields": {"name": "Can change telefono_emisora", "content_type": 36, "codename": "change_telefono_emisora"}}, {"model": "auth.permission", "pk": 143, "fields": {"name": "Can delete telefono_emisora", "content_type": 36, "codename": "delete_telefono_emisora"}}, {"model": "auth.permission", "pk": 144, "fields": {"name": "Can view telefono_emisora", "content_type": 36, "codename": "view_telefono_emisora"}}, {"model": "auth.permission", "pk": 145, "fields": {"name": "Can add telefono_ usuario", "content_type": 37, "codename": "add_telefono_usuario"}}, {"model": "auth.permission", "pk": 146, "fields": {"name": "Can change telefono_ usuario", "content_type": 37, "codename": "change_telefono_usuario"}}, {"model": "auth.permission", "pk": 147, "fields": {"name": "Can delete telefono_ usuario", "content_type": 37, "codename": "delete_telefono_usuario"}}, {"model": "auth.permission", "pk": 148, "fields": {"name": "Can view telefono_ usuario", "content_type": 37, "codename": "view_telefono_usuario"}}, {"model": "auth.permission", "pk": 149, "fields": {"name": "Can add tipo_sugerencia", "content_type": 38, "codename": "add_tipo_sugerencia"}}, {"model": "auth.permission", "pk": 150, "fields": {"name": "Can change tipo_sugerencia", "content_type": 38, "codename": "change_tipo_sugerencia"}}, {"model": "auth.permission", "pk": 151, "fields": {"name": "Can delete tipo_sugerencia", "content_type": 38, "codename": "delete_tipo_sugerencia"}}, {"model": "auth.permission", "pk": 152, "fields": {"name": "Can view tipo_sugerencia", "content_type": 38, "codename": "view_tipo_sugerencia"}}, {"model": "auth.permission", "pk": 153, "fields": {"name": "Can add videos", "content_type": 39, "codename": "add_videos"}}, {"model": "auth.permission", "pk": 154, "fields": {"name": "Can change videos", "content_type": 39, "codename": "change_videos"}}, {"model": "auth.permission", "pk": 155, "fields": {"name": "Can delete videos", "content_type": 39, "codename": "delete_videos"}}, {"model": "auth.permission", "pk": 156, "fields": {"name": "Can view videos", "content_type": 39, "codename": "view_videos"}}, {"model": "auth.permission", "pk": 157, "fields": {"name": "Can add user", "content_type": 40, "codename": "add_usuario"}}, {"model": "auth.permission", "pk": 158, "fields": {"name": "Can change user", "content_type": 40, "codename": "change_usuario"}}, {"model": "auth.permission", "pk": 159, "fields": {"name": "Can delete user", "content_type": 40, "codename": "delete_usuario"}}, {"model": "auth.permission", "pk": 160, "fields": {"name": "Can view user", "content_type": 40, "codename": "view_usuario"}}, {"model": "auth.permission", "pk": 161, "fields": {"name": "Can add prueba", "content_type": 41, "codename": "add_prueba"}}, {"model": "auth.permission", "pk": 162, "fields": {"name": "Can change prueba", "content_type": 41, "codename": "change_prueba"}}, {"model": "auth.permission", "pk": 163, "fields": {"name": "Can delete prueba", "content_type": 41, "codename": "delete_prueba"}}, {"model": "auth.permission", "pk": 164, "fields": {"name": "Can view prueba", "content_type": 41, "codename": "view_prueba"}}, {"model": "auth.permission", "pk": 165, "fields": {"name": "Can add Token", "content_type": 42, "codename": "add_token"}}, {"model": "auth.permission", "pk": 166, "fields": {"name": "Can change Token", "content_type": 42, "codename": "change_token"}}, {"model": "auth.permission", "pk": 167, "fields": {"name": "Can delete Token", "content_type": 42, "codename": "delete_token"}}, {"model": "auth.permission", "pk": 168, "fields": {"name": "Can view Token", "content_type": 42, "codename": "view_token"}}, {"model": "accounts.usuario", "pk": 1, "fields": {"password": "pbkdf2_sha256$120000$wlOG63uluYZ4$p90OqA0wNAbCW/H55F1DSyIHb9pwPznoRbbWOlr3X20=", "last_login": "2019-02-07T20:57:44.838Z", "is_superuser": true, "username": "appradio", "first_name": "", "last_name": "", "email": "appradio@hotmail.com", "is_staff": true, "is_active": true, "date_joined": "2019-02-07T20:57:25.841Z", "fecha_nac": null, "slug": "appradio", "imagen": "", "rol": null, "biografia": null, "apodo": null, "hobbies": null, "groups": [], "user_permissions": []}}, {"model": "accounts.usuario", "pk": 2, "fields": {"password": "UmaRvX4bmY", "last_login": null, "is_superuser": false, "username": "jsaverio", "first_name": "Joe", "last_name": "Saverio", "email": "joesaverio@hotmail.com", "is_staff": false, "is_active": true, "date_joined": "2019-02-07T21:23:06.912Z", "fecha_nac": "1995-08-30", "slug": "jsaverio", "imagen": "usuarios/jsaverio/person.png", "rol": "L", "biografia": "Estudiante de la ESPOL", "apodo": "joe", "hobbies": null, "groups": [], "user_permissions": []}}, {"model": "WebAdminRadio.segmento_usuario", "pk": 1, "fields": {"idSegmento": 2, "idUsuario": 2}}, {"model": "WebAdminRadio.telefono_usuario", "pk": 1, "fields": {"idUsuario": 2, "nro_telefono": "0981796550"}}]
